source,artifact
SOURCE_RUNTIME_ROOT/multimodel_v8_he3_exdqlm_ablation_current_authority_20260625/reports/he3_exdqlm_ablation/he3_ablation_long.csv,artifacts/he3_exdqlm_ablation_authoritative/he3_ablation_long.csv
SOURCE_RUNTIME_ROOT/multimodel_v8_he3_exdqlm_ablation_current_authority_20260625/reports/he3_exdqlm_ablation/he3_ablation_wide.csv,artifacts/he3_exdqlm_ablation_authoritative/he3_ablation_wide.csv
SOURCE_RUNTIME_ROOT/multimodel_v8_he3_exdqlm_ablation_current_authority_20260625/reports/he3_exdqlm_ablation/he3_ablation_summary.md,artifacts/he3_exdqlm_ablation_authoritative/he3_ablation_summary.md
SOURCE_RUNTIME_ROOT/multimodel_v8_he3_exdqlm_ablation_current_authority_20260625/reports/he3_exdqlm_ablation/he3_table_rows.tex,artifacts/he3_exdqlm_ablation_authoritative/he3_table_rows.tex
SOURCE_RUNTIME_ROOT/multimodel_v8_he3_exdqlm_ablation_current_authority_20260625/reports/he3_exdqlm_ablation/audit/he3_ablation_audit.csv,artifacts/he3_exdqlm_ablation_authoritative/audit__he3_ablation_audit.csv
SOURCE_RUNTIME_ROOT/multimodel_v8_he3_exdqlm_ablation_current_authority_20260625/reports/he3_exdqlm_ablation/audit/he3_ablation_lead_buckets.csv,artifacts/he3_exdqlm_ablation_authoritative/audit__he3_ablation_lead_buckets.csv
SOURCE_RUNTIME_ROOT/multimodel_v8_he3_exdqlm_ablation_current_authority_20260625/reports/he3_exdqlm_ablation/audit/he3_ablation_audit.md,artifacts/he3_exdqlm_ablation_authoritative/audit__he3_ablation_audit.md
SOURCE_RUNTIME_ROOT/multimodel_v8_he3_exdqlm_ablation_current_authority_20260625/reports/he3_exdqlm_ablation/audit/he3_ablation_runtime_input_detail.csv,artifacts/he3_exdqlm_ablation_authoritative/audit__he3_ablation_runtime_input_detail.csv
SOURCE_RUNTIME_ROOT/multimodel_v8_he3_exdqlm_ablation_current_authority_20260625/reports/he3_exdqlm_ablation/audit/he3_ablation_runtime_input_detail.md,artifacts/he3_exdqlm_ablation_authoritative/audit__he3_ablation_runtime_input_detail.md
