cutoff,cutoff_display,manuscript_label,model_variant,internal_model_id,resolved_run_name,resolved_run_dir,tau_label,tau,quantile_column,mean_check_loss,n_forecast_days,expected_mean_crps,resolved_mean_crps,crps_abs_diff,score_scale
20210123,01/23/2021,AL-M-T1,dqlm_multivar_al_keep,dqlm_multivar_al_synth_keep,multimodel_20210123_v8_he2grid_c04_eps365_dqlm_multivar_al_keep,SOURCE_RUNTIME_REFERENCE,q0.05,0.05,q05,0.028943586186463612,28,0.1459187438242358,0.1459187438242358,0.0,log_cms_plus1
20210123,01/23/2021,AL-M-T1,dqlm_multivar_al_keep,dqlm_multivar_al_synth_keep,multimodel_20210123_v8_he2grid_c04_eps365_dqlm_multivar_al_keep,SOURCE_RUNTIME_REFERENCE,q0.20,0.2,q20,0.0717828414315601,28,0.1459187438242358,0.1459187438242358,0.0,log_cms_plus1
20210123,01/23/2021,AL-M-T1,dqlm_multivar_al_keep,dqlm_multivar_al_synth_keep,multimodel_20210123_v8_he2grid_c04_eps365_dqlm_multivar_al_keep,SOURCE_RUNTIME_REFERENCE,q0.35,0.35,q35,0.09340712398425113,28,0.1459187438242358,0.1459187438242358,0.0,log_cms_plus1
20210123,01/23/2021,AL-M-T1,dqlm_multivar_al_keep,dqlm_multivar_al_synth_keep,multimodel_20210123_v8_he2grid_c04_eps365_dqlm_multivar_al_keep,SOURCE_RUNTIME_REFERENCE,q0.50,0.5,q50,0.09699523802739962,28,0.1459187438242358,0.1459187438242358,0.0,log_cms_plus1
20210123,01/23/2021,AL-M-T1,dqlm_multivar_al_keep,dqlm_multivar_al_synth_keep,multimodel_20210123_v8_he2grid_c04_eps365_dqlm_multivar_al_keep,SOURCE_RUNTIME_REFERENCE,q0.65,0.65,q65,0.08930629628373667,28,0.1459187438242358,0.1459187438242358,0.0,log_cms_plus1
20210123,01/23/2021,AL-M-T1,dqlm_multivar_al_keep,dqlm_multivar_al_synth_keep,multimodel_20210123_v8_he2grid_c04_eps365_dqlm_multivar_al_keep,SOURCE_RUNTIME_REFERENCE,q0.80,0.8,q80,0.06937043028828319,28,0.1459187438242358,0.1459187438242358,0.0,log_cms_plus1
20210123,01/23/2021,AL-M-T1,dqlm_multivar_al_keep,dqlm_multivar_al_synth_keep,multimodel_20210123_v8_he2grid_c04_eps365_dqlm_multivar_al_keep,SOURCE_RUNTIME_REFERENCE,q0.95,0.95,q95,0.04116204384272038,28,0.1459187438242358,0.1459187438242358,0.0,log_cms_plus1
20210123,01/23/2021,AL-U-T1,dqlm_univar_al,dqlm_univar_al_synth,multimodel_20210123_v8_he2pubgdpc1r1_dqlm_univar_al,SOURCE_RUNTIME_REFERENCE,q0.05,0.05,q05,0.031499958734795976,28,0.2310692658679936,0.2310692658679936,0.0,log_cms_plus1
20210123,01/23/2021,AL-U-T1,dqlm_univar_al,dqlm_univar_al_synth,multimodel_20210123_v8_he2pubgdpc1r1_dqlm_univar_al,SOURCE_RUNTIME_REFERENCE,q0.20,0.2,q20,0.08873581351433442,28,0.2310692658679936,0.2310692658679936,0.0,log_cms_plus1
20210123,01/23/2021,AL-U-T1,dqlm_univar_al,dqlm_univar_al_synth,multimodel_20210123_v8_he2pubgdpc1r1_dqlm_univar_al,SOURCE_RUNTIME_REFERENCE,q0.35,0.35,q35,0.12510653998251647,28,0.2310692658679936,0.2310692658679936,0.0,log_cms_plus1
20210123,01/23/2021,AL-U-T1,dqlm_univar_al,dqlm_univar_al_synth,multimodel_20210123_v8_he2pubgdpc1r1_dqlm_univar_al,SOURCE_RUNTIME_REFERENCE,q0.50,0.5,q50,0.13534250211925666,28,0.2310692658679936,0.2310692658679936,0.0,log_cms_plus1
20210123,01/23/2021,AL-U-T1,dqlm_univar_al,dqlm_univar_al_synth,multimodel_20210123_v8_he2pubgdpc1r1_dqlm_univar_al,SOURCE_RUNTIME_REFERENCE,q0.65,0.65,q65,0.14455855401028503,28,0.2310692658679936,0.2310692658679936,0.0,log_cms_plus1
20210123,01/23/2021,AL-U-T1,dqlm_univar_al,dqlm_univar_al_synth,multimodel_20210123_v8_he2pubgdpc1r1_dqlm_univar_al,SOURCE_RUNTIME_REFERENCE,q0.80,0.8,q80,0.14616611381995928,28,0.2310692658679936,0.2310692658679936,0.0,log_cms_plus1
20210123,01/23/2021,AL-U-T1,dqlm_univar_al,dqlm_univar_al_synth,multimodel_20210123_v8_he2pubgdpc1r1_dqlm_univar_al,SOURCE_RUNTIME_REFERENCE,q0.95,0.95,q95,0.12576446598954324,28,0.2310692658679936,0.2310692658679936,0.0,log_cms_plus1
20210123,01/23/2021,exAL-M-T1,exdqlm_multivar_keep,exdqlm_multivar_synth_keep,multimodel_20210123_v8_he2grid_c04_eps365_exdqlm_multivar_keep,SOURCE_RUNTIME_REFERENCE,q0.05,0.05,q05,0.02529308397124721,28,0.1397088548478634,0.1397088548478634,0.0,log_cms_plus1
20210123,01/23/2021,exAL-M-T1,exdqlm_multivar_keep,exdqlm_multivar_synth_keep,multimodel_20210123_v8_he2grid_c04_eps365_exdqlm_multivar_keep,SOURCE_RUNTIME_REFERENCE,q0.20,0.2,q20,0.07061364151691611,28,0.1397088548478634,0.1397088548478634,0.0,log_cms_plus1
20210123,01/23/2021,exAL-M-T1,exdqlm_multivar_keep,exdqlm_multivar_synth_keep,multimodel_20210123_v8_he2grid_c04_eps365_exdqlm_multivar_keep,SOURCE_RUNTIME_REFERENCE,q0.35,0.35,q35,0.09149070830314608,28,0.1397088548478634,0.1397088548478634,0.0,log_cms_plus1
20210123,01/23/2021,exAL-M-T1,exdqlm_multivar_keep,exdqlm_multivar_synth_keep,multimodel_20210123_v8_he2grid_c04_eps365_exdqlm_multivar_keep,SOURCE_RUNTIME_REFERENCE,q0.50,0.5,q50,0.09407296172582612,28,0.1397088548478634,0.1397088548478634,0.0,log_cms_plus1
20210123,01/23/2021,exAL-M-T1,exdqlm_multivar_keep,exdqlm_multivar_synth_keep,multimodel_20210123_v8_he2grid_c04_eps365_exdqlm_multivar_keep,SOURCE_RUNTIME_REFERENCE,q0.65,0.65,q65,0.08697486876425953,28,0.1397088548478634,0.1397088548478634,0.0,log_cms_plus1
20210123,01/23/2021,exAL-M-T1,exdqlm_multivar_keep,exdqlm_multivar_synth_keep,multimodel_20210123_v8_he2grid_c04_eps365_exdqlm_multivar_keep,SOURCE_RUNTIME_REFERENCE,q0.80,0.8,q80,0.07164626919248478,28,0.1397088548478634,0.1397088548478634,0.0,log_cms_plus1
20210123,01/23/2021,exAL-M-T1,exdqlm_multivar_keep,exdqlm_multivar_synth_keep,multimodel_20210123_v8_he2grid_c04_eps365_exdqlm_multivar_keep,SOURCE_RUNTIME_REFERENCE,q0.95,0.95,q95,0.030927361108172645,28,0.1397088548478634,0.1397088548478634,0.0,log_cms_plus1
20210123,01/23/2021,exAL-U-T1,exdqlm_univar,exdqlm_univar_synth,multimodel_20210123_v8_he2pubgdpc1r1_exdqlm_univar,SOURCE_RUNTIME_REFERENCE,q0.05,0.05,q05,0.033143492438679326,28,0.2162218779932584,0.2162218779932584,0.0,log_cms_plus1
20210123,01/23/2021,exAL-U-T1,exdqlm_univar,exdqlm_univar_synth,multimodel_20210123_v8_he2pubgdpc1r1_exdqlm_univar,SOURCE_RUNTIME_REFERENCE,q0.20,0.2,q20,0.09433500225645085,28,0.2162218779932584,0.2162218779932584,0.0,log_cms_plus1
20210123,01/23/2021,exAL-U-T1,exdqlm_univar,exdqlm_univar_synth,multimodel_20210123_v8_he2pubgdpc1r1_exdqlm_univar,SOURCE_RUNTIME_REFERENCE,q0.35,0.35,q35,0.12252205908094385,28,0.2162218779932584,0.2162218779932584,0.0,log_cms_plus1
20210123,01/23/2021,exAL-U-T1,exdqlm_univar,exdqlm_univar_synth,multimodel_20210123_v8_he2pubgdpc1r1_exdqlm_univar,SOURCE_RUNTIME_REFERENCE,q0.50,0.5,q50,0.13139710800029972,28,0.2162218779932584,0.2162218779932584,0.0,log_cms_plus1
20210123,01/23/2021,exAL-U-T1,exdqlm_univar,exdqlm_univar_synth,multimodel_20210123_v8_he2pubgdpc1r1_exdqlm_univar,SOURCE_RUNTIME_REFERENCE,q0.65,0.65,q65,0.13264773917271228,28,0.2162218779932584,0.2162218779932584,0.0,log_cms_plus1
20210123,01/23/2021,exAL-U-T1,exdqlm_univar,exdqlm_univar_synth,multimodel_20210123_v8_he2pubgdpc1r1_exdqlm_univar,SOURCE_RUNTIME_REFERENCE,q0.80,0.8,q80,0.1286735996406715,28,0.2162218779932584,0.2162218779932584,0.0,log_cms_plus1
20210123,01/23/2021,exAL-U-T1,exdqlm_univar,exdqlm_univar_synth,multimodel_20210123_v8_he2pubgdpc1r1_exdqlm_univar,SOURCE_RUNTIME_REFERENCE,q0.95,0.95,q95,0.1014420956864512,28,0.2162218779932584,0.2162218779932584,0.0,log_cms_plus1
20211112,11/12/2021,AL-M-T1,dqlm_multivar_al_keep,dqlm_multivar_al_synth_keep,multimodel_20211112_v8_he2grid_c04_eps365_dqlm_multivar_al_keep,SOURCE_RUNTIME_REFERENCE,q0.05,0.05,q05,0.011135059076159633,28,0.0555107748586326,0.0555107748586326,0.0,log_cms_plus1
20211112,11/12/2021,AL-M-T1,dqlm_multivar_al_keep,dqlm_multivar_al_synth_keep,multimodel_20211112_v8_he2grid_c04_eps365_dqlm_multivar_al_keep,SOURCE_RUNTIME_REFERENCE,q0.20,0.2,q20,0.022418084681816608,28,0.0555107748586326,0.0555107748586326,0.0,log_cms_plus1
20211112,11/12/2021,AL-M-T1,dqlm_multivar_al_keep,dqlm_multivar_al_synth_keep,multimodel_20211112_v8_he2grid_c04_eps365_dqlm_multivar_al_keep,SOURCE_RUNTIME_REFERENCE,q0.35,0.35,q35,0.022637286459448392,28,0.0555107748586326,0.0555107748586326,0.0,log_cms_plus1
20211112,11/12/2021,AL-M-T1,dqlm_multivar_al_keep,dqlm_multivar_al_synth_keep,multimodel_20211112_v8_he2grid_c04_eps365_dqlm_multivar_al_keep,SOURCE_RUNTIME_REFERENCE,q0.50,0.5,q50,0.035472109537173786,28,0.0555107748586326,0.0555107748586326,0.0,log_cms_plus1
20211112,11/12/2021,AL-M-T1,dqlm_multivar_al_keep,dqlm_multivar_al_synth_keep,multimodel_20211112_v8_he2grid_c04_eps365_dqlm_multivar_al_keep,SOURCE_RUNTIME_REFERENCE,q0.65,0.65,q65,0.03936982749607992,28,0.0555107748586326,0.0555107748586326,0.0,log_cms_plus1
20211112,11/12/2021,AL-M-T1,dqlm_multivar_al_keep,dqlm_multivar_al_synth_keep,multimodel_20211112_v8_he2grid_c04_eps365_dqlm_multivar_al_keep,SOURCE_RUNTIME_REFERENCE,q0.80,0.8,q80,0.03394242486255314,28,0.0555107748586326,0.0555107748586326,0.0,log_cms_plus1
20211112,11/12/2021,AL-M-T1,dqlm_multivar_al_keep,dqlm_multivar_al_synth_keep,multimodel_20211112_v8_he2grid_c04_eps365_dqlm_multivar_al_keep,SOURCE_RUNTIME_REFERENCE,q0.95,0.95,q95,0.023689061674141122,28,0.0555107748586326,0.0555107748586326,0.0,log_cms_plus1
20211112,11/12/2021,AL-U-T1,dqlm_univar_al,dqlm_univar_al_synth,multimodel_20211112_v8_he2pubgdpc1r1_dqlm_univar_al,SOURCE_RUNTIME_REFERENCE,q0.05,0.05,q05,0.018433687247517545,28,0.0779481946089521,0.077948194608952,9.71445146547012e-17,log_cms_plus1
20211112,11/12/2021,AL-U-T1,dqlm_univar_al,dqlm_univar_al_synth,multimodel_20211112_v8_he2pubgdpc1r1_dqlm_univar_al,SOURCE_RUNTIME_REFERENCE,q0.20,0.2,q20,0.020751144396187752,28,0.0779481946089521,0.077948194608952,9.71445146547012e-17,log_cms_plus1
20211112,11/12/2021,AL-U-T1,dqlm_univar_al,dqlm_univar_al_synth,multimodel_20211112_v8_he2pubgdpc1r1_dqlm_univar_al,SOURCE_RUNTIME_REFERENCE,q0.35,0.35,q35,0.07353883322573572,28,0.0779481946089521,0.077948194608952,9.71445146547012e-17,log_cms_plus1
20211112,11/12/2021,AL-U-T1,dqlm_univar_al,dqlm_univar_al_synth,multimodel_20211112_v8_he2pubgdpc1r1_dqlm_univar_al,SOURCE_RUNTIME_REFERENCE,q0.50,0.5,q50,0.0674585485969122,28,0.0779481946089521,0.077948194608952,9.71445146547012e-17,log_cms_plus1
20211112,11/12/2021,AL-U-T1,dqlm_univar_al,dqlm_univar_al_synth,multimodel_20211112_v8_he2pubgdpc1r1_dqlm_univar_al,SOURCE_RUNTIME_REFERENCE,q0.65,0.65,q65,0.04860137029391946,28,0.0779481946089521,0.077948194608952,9.71445146547012e-17,log_cms_plus1
20211112,11/12/2021,AL-U-T1,dqlm_univar_al,dqlm_univar_al_synth,multimodel_20211112_v8_he2pubgdpc1r1_dqlm_univar_al,SOURCE_RUNTIME_REFERENCE,q0.80,0.8,q80,0.028735758753811503,28,0.0779481946089521,0.077948194608952,9.71445146547012e-17,log_cms_plus1
20211112,11/12/2021,AL-U-T1,dqlm_univar_al,dqlm_univar_al_synth,multimodel_20211112_v8_he2pubgdpc1r1_dqlm_univar_al,SOURCE_RUNTIME_REFERENCE,q0.95,0.95,q95,0.010181529448498724,28,0.0779481946089521,0.077948194608952,9.71445146547012e-17,log_cms_plus1
20211112,11/12/2021,exAL-M-T1,exdqlm_multivar_keep,exdqlm_multivar_synth_keep,multimodel_20211112_v8_he2grid_c04_eps365_exdqlm_multivar_keep,SOURCE_RUNTIME_REFERENCE,q0.05,0.05,q05,0.009427423627032036,28,0.0472363501409808,0.0472363501409808,0.0,log_cms_plus1
20211112,11/12/2021,exAL-M-T1,exdqlm_multivar_keep,exdqlm_multivar_synth_keep,multimodel_20211112_v8_he2grid_c04_eps365_exdqlm_multivar_keep,SOURCE_RUNTIME_REFERENCE,q0.20,0.2,q20,0.02225934085077036,28,0.0472363501409808,0.0472363501409808,0.0,log_cms_plus1
20211112,11/12/2021,exAL-M-T1,exdqlm_multivar_keep,exdqlm_multivar_synth_keep,multimodel_20211112_v8_he2grid_c04_eps365_exdqlm_multivar_keep,SOURCE_RUNTIME_REFERENCE,q0.35,0.35,q35,0.021642010655962055,28,0.0472363501409808,0.0472363501409808,0.0,log_cms_plus1
20211112,11/12/2021,exAL-M-T1,exdqlm_multivar_keep,exdqlm_multivar_synth_keep,multimodel_20211112_v8_he2grid_c04_eps365_exdqlm_multivar_keep,SOURCE_RUNTIME_REFERENCE,q0.50,0.5,q50,0.03223554900126921,28,0.0472363501409808,0.0472363501409808,0.0,log_cms_plus1
20211112,11/12/2021,exAL-M-T1,exdqlm_multivar_keep,exdqlm_multivar_synth_keep,multimodel_20211112_v8_he2grid_c04_eps365_exdqlm_multivar_keep,SOURCE_RUNTIME_REFERENCE,q0.65,0.65,q65,0.036586070856779444,28,0.0472363501409808,0.0472363501409808,0.0,log_cms_plus1
20211112,11/12/2021,exAL-M-T1,exdqlm_multivar_keep,exdqlm_multivar_synth_keep,multimodel_20211112_v8_he2grid_c04_eps365_exdqlm_multivar_keep,SOURCE_RUNTIME_REFERENCE,q0.80,0.8,q80,0.027368910488340507,28,0.0472363501409808,0.0472363501409808,0.0,log_cms_plus1
20211112,11/12/2021,exAL-M-T1,exdqlm_multivar_keep,exdqlm_multivar_synth_keep,multimodel_20211112_v8_he2grid_c04_eps365_exdqlm_multivar_keep,SOURCE_RUNTIME_REFERENCE,q0.95,0.95,q95,0.012666106497584342,28,0.0472363501409808,0.0472363501409808,0.0,log_cms_plus1
20211112,11/12/2021,exAL-U-T1,exdqlm_univar,exdqlm_univar_synth,multimodel_20211112_v8_he2pubgdpc1r1_exdqlm_univar,SOURCE_RUNTIME_REFERENCE,q0.05,0.05,q05,0.011095436439891576,28,0.1019424799643815,0.1019424799643815,0.0,log_cms_plus1
20211112,11/12/2021,exAL-U-T1,exdqlm_univar,exdqlm_univar_synth,multimodel_20211112_v8_he2pubgdpc1r1_exdqlm_univar,SOURCE_RUNTIME_REFERENCE,q0.20,0.2,q20,0.0258628365592992,28,0.1019424799643815,0.1019424799643815,0.0,log_cms_plus1
20211112,11/12/2021,exAL-U-T1,exdqlm_univar,exdqlm_univar_synth,multimodel_20211112_v8_he2pubgdpc1r1_exdqlm_univar,SOURCE_RUNTIME_REFERENCE,q0.35,0.35,q35,0.08965985444685974,28,0.1019424799643815,0.1019424799643815,0.0,log_cms_plus1
20211112,11/12/2021,exAL-U-T1,exdqlm_univar,exdqlm_univar_synth,multimodel_20211112_v8_he2pubgdpc1r1_exdqlm_univar,SOURCE_RUNTIME_REFERENCE,q0.50,0.5,q50,0.09603089478078371,28,0.1019424799643815,0.1019424799643815,0.0,log_cms_plus1
20211112,11/12/2021,exAL-U-T1,exdqlm_univar,exdqlm_univar_synth,multimodel_20211112_v8_he2pubgdpc1r1_exdqlm_univar,SOURCE_RUNTIME_REFERENCE,q0.65,0.65,q65,0.06947162028822386,28,0.1019424799643815,0.1019424799643815,0.0,log_cms_plus1
20211112,11/12/2021,exAL-U-T1,exdqlm_univar,exdqlm_univar_synth,multimodel_20211112_v8_he2pubgdpc1r1_exdqlm_univar,SOURCE_RUNTIME_REFERENCE,q0.80,0.8,q80,0.0418259590505366,28,0.1019424799643815,0.1019424799643815,0.0,log_cms_plus1
20211112,11/12/2021,exAL-U-T1,exdqlm_univar,exdqlm_univar_synth,multimodel_20211112_v8_he2pubgdpc1r1_exdqlm_univar,SOURCE_RUNTIME_REFERENCE,q0.95,0.95,q95,0.012790252636810901,28,0.1019424799643815,0.1019424799643815,0.0,log_cms_plus1
20211221,12/21/2021,AL-M-T1,dqlm_multivar_al_keep,dqlm_multivar_al_synth_keep,multimodel_20211221_v8_he2grid_c03_eps030_dqlm_multivar_al_keep,SOURCE_RUNTIME_REFERENCE,q0.05,0.05,q05,0.05594392258306287,28,0.2777549891687288,0.2777549891687288,0.0,log_cms_plus1
20211221,12/21/2021,AL-M-T1,dqlm_multivar_al_keep,dqlm_multivar_al_synth_keep,multimodel_20211221_v8_he2grid_c03_eps030_dqlm_multivar_al_keep,SOURCE_RUNTIME_REFERENCE,q0.20,0.2,q20,0.10245882506668899,28,0.2777549891687288,0.2777549891687288,0.0,log_cms_plus1
20211221,12/21/2021,AL-M-T1,dqlm_multivar_al_keep,dqlm_multivar_al_synth_keep,multimodel_20211221_v8_he2grid_c03_eps030_dqlm_multivar_al_keep,SOURCE_RUNTIME_REFERENCE,q0.35,0.35,q35,0.1499364027943139,28,0.2777549891687288,0.2777549891687288,0.0,log_cms_plus1
20211221,12/21/2021,AL-M-T1,dqlm_multivar_al_keep,dqlm_multivar_al_synth_keep,multimodel_20211221_v8_he2grid_c03_eps030_dqlm_multivar_al_keep,SOURCE_RUNTIME_REFERENCE,q0.50,0.5,q50,0.17786004546509088,28,0.2777549891687288,0.2777549891687288,0.0,log_cms_plus1
20211221,12/21/2021,AL-M-T1,dqlm_multivar_al_keep,dqlm_multivar_al_synth_keep,multimodel_20211221_v8_he2grid_c03_eps030_dqlm_multivar_al_keep,SOURCE_RUNTIME_REFERENCE,q0.65,0.65,q65,0.22531202965822225,28,0.2777549891687288,0.2777549891687288,0.0,log_cms_plus1
20211221,12/21/2021,AL-M-T1,dqlm_multivar_al_keep,dqlm_multivar_al_synth_keep,multimodel_20211221_v8_he2grid_c03_eps030_dqlm_multivar_al_keep,SOURCE_RUNTIME_REFERENCE,q0.80,0.8,q80,0.17117662629905003,28,0.2777549891687288,0.2777549891687288,0.0,log_cms_plus1
20211221,12/21/2021,AL-M-T1,dqlm_multivar_al_keep,dqlm_multivar_al_synth_keep,multimodel_20211221_v8_he2grid_c03_eps030_dqlm_multivar_al_keep,SOURCE_RUNTIME_REFERENCE,q0.95,0.95,q95,0.05204872236495504,28,0.2777549891687288,0.2777549891687288,0.0,log_cms_plus1
20211221,12/21/2021,AL-U-T1,dqlm_univar_al,dqlm_univar_al_synth,multimodel_20211221_v8_he2pubgdpc1r1_dqlm_univar_al,SOURCE_RUNTIME_REFERENCE,q0.05,0.05,q05,0.06383943329685378,28,0.8704926330082864,0.8704926330082863,1.1102230246251565e-16,log_cms_plus1
20211221,12/21/2021,AL-U-T1,dqlm_univar_al,dqlm_univar_al_synth,multimodel_20211221_v8_he2pubgdpc1r1_dqlm_univar_al,SOURCE_RUNTIME_REFERENCE,q0.20,0.2,q20,0.23664697244759664,28,0.8704926330082864,0.8704926330082863,1.1102230246251565e-16,log_cms_plus1
20211221,12/21/2021,AL-U-T1,dqlm_univar_al,dqlm_univar_al_synth,multimodel_20211221_v8_he2pubgdpc1r1_dqlm_univar_al,SOURCE_RUNTIME_REFERENCE,q0.35,0.35,q35,0.3393785941551445,28,0.8704926330082864,0.8704926330082863,1.1102230246251565e-16,log_cms_plus1
20211221,12/21/2021,AL-U-T1,dqlm_univar_al,dqlm_univar_al_synth,multimodel_20211221_v8_he2pubgdpc1r1_dqlm_univar_al,SOURCE_RUNTIME_REFERENCE,q0.50,0.5,q50,0.452540224944081,28,0.8704926330082864,0.8704926330082863,1.1102230246251565e-16,log_cms_plus1
20211221,12/21/2021,AL-U-T1,dqlm_univar_al,dqlm_univar_al_synth,multimodel_20211221_v8_he2pubgdpc1r1_dqlm_univar_al,SOURCE_RUNTIME_REFERENCE,q0.65,0.65,q65,0.5759257211375156,28,0.8704926330082864,0.8704926330082863,1.1102230246251565e-16,log_cms_plus1
20211221,12/21/2021,AL-U-T1,dqlm_univar_al,dqlm_univar_al_synth,multimodel_20211221_v8_he2pubgdpc1r1_dqlm_univar_al,SOURCE_RUNTIME_REFERENCE,q0.80,0.8,q80,0.6751656605007869,28,0.8704926330082864,0.8704926330082863,1.1102230246251565e-16,log_cms_plus1
20211221,12/21/2021,AL-U-T1,dqlm_univar_al,dqlm_univar_al_synth,multimodel_20211221_v8_he2pubgdpc1r1_dqlm_univar_al,SOURCE_RUNTIME_REFERENCE,q0.95,0.95,q95,0.6858419011772471,28,0.8704926330082864,0.8704926330082863,1.1102230246251565e-16,log_cms_plus1
20211221,12/21/2021,exAL-M-T1,exdqlm_multivar_keep,exdqlm_multivar_synth_keep,multimodel_20211221_v8_he2partial20260623_exdqlm_multivar_keep,SOURCE_RUNTIME_REFERENCE,q0.05,0.05,q05,0.022039511832226043,28,0.2604466008954305,0.2604466008954304,5.551115123125783e-17,log_cms_plus1
20211221,12/21/2021,exAL-M-T1,exdqlm_multivar_keep,exdqlm_multivar_synth_keep,multimodel_20211221_v8_he2partial20260623_exdqlm_multivar_keep,SOURCE_RUNTIME_REFERENCE,q0.20,0.2,q20,0.0824261700813267,28,0.2604466008954305,0.2604466008954304,5.551115123125783e-17,log_cms_plus1
20211221,12/21/2021,exAL-M-T1,exdqlm_multivar_keep,exdqlm_multivar_synth_keep,multimodel_20211221_v8_he2partial20260623_exdqlm_multivar_keep,SOURCE_RUNTIME_REFERENCE,q0.35,0.35,q35,0.13305877599763571,28,0.2604466008954305,0.2604466008954304,5.551115123125783e-17,log_cms_plus1
20211221,12/21/2021,exAL-M-T1,exdqlm_multivar_keep,exdqlm_multivar_synth_keep,multimodel_20211221_v8_he2partial20260623_exdqlm_multivar_keep,SOURCE_RUNTIME_REFERENCE,q0.50,0.5,q50,0.17423070796272394,28,0.2604466008954305,0.2604466008954304,5.551115123125783e-17,log_cms_plus1
20211221,12/21/2021,exAL-M-T1,exdqlm_multivar_keep,exdqlm_multivar_synth_keep,multimodel_20211221_v8_he2partial20260623_exdqlm_multivar_keep,SOURCE_RUNTIME_REFERENCE,q0.65,0.65,q65,0.21136069664621807,28,0.2604466008954305,0.2604466008954304,5.551115123125783e-17,log_cms_plus1
20211221,12/21/2021,exAL-M-T1,exdqlm_multivar_keep,exdqlm_multivar_synth_keep,multimodel_20211221_v8_he2partial20260623_exdqlm_multivar_keep,SOURCE_RUNTIME_REFERENCE,q0.80,0.8,q80,0.17833033409647192,28,0.2604466008954305,0.2604466008954304,5.551115123125783e-17,log_cms_plus1
20211221,12/21/2021,exAL-M-T1,exdqlm_multivar_keep,exdqlm_multivar_synth_keep,multimodel_20211221_v8_he2partial20260623_exdqlm_multivar_keep,SOURCE_RUNTIME_REFERENCE,q0.95,0.95,q95,0.08277866172384203,28,0.2604466008954305,0.2604466008954304,5.551115123125783e-17,log_cms_plus1
20211221,12/21/2021,exAL-U-T1,exdqlm_univar,exdqlm_univar_synth,multimodel_20211221_v8_he2pubgdpc1r1_exdqlm_univar,SOURCE_RUNTIME_REFERENCE,q0.05,0.05,q05,0.06544366910501911,28,0.8333655063005331,0.833365506300533,1.1102230246251565e-16,log_cms_plus1
20211221,12/21/2021,exAL-U-T1,exdqlm_univar,exdqlm_univar_synth,multimodel_20211221_v8_he2pubgdpc1r1_exdqlm_univar,SOURCE_RUNTIME_REFERENCE,q0.20,0.2,q20,0.22311403377208203,28,0.8333655063005331,0.833365506300533,1.1102230246251565e-16,log_cms_plus1
20211221,12/21/2021,exAL-U-T1,exdqlm_univar,exdqlm_univar_synth,multimodel_20211221_v8_he2pubgdpc1r1_exdqlm_univar,SOURCE_RUNTIME_REFERENCE,q0.35,0.35,q35,0.33019445423924615,28,0.8333655063005331,0.833365506300533,1.1102230246251565e-16,log_cms_plus1
20211221,12/21/2021,exAL-U-T1,exdqlm_univar,exdqlm_univar_synth,multimodel_20211221_v8_he2pubgdpc1r1_exdqlm_univar,SOURCE_RUNTIME_REFERENCE,q0.50,0.5,q50,0.42749993226948435,28,0.8333655063005331,0.833365506300533,1.1102230246251565e-16,log_cms_plus1
20211221,12/21/2021,exAL-U-T1,exdqlm_univar,exdqlm_univar_synth,multimodel_20211221_v8_he2pubgdpc1r1_exdqlm_univar,SOURCE_RUNTIME_REFERENCE,q0.65,0.65,q65,0.5441412896464555,28,0.8333655063005331,0.833365506300533,1.1102230246251565e-16,log_cms_plus1
20211221,12/21/2021,exAL-U-T1,exdqlm_univar,exdqlm_univar_synth,multimodel_20211221_v8_he2pubgdpc1r1_exdqlm_univar,SOURCE_RUNTIME_REFERENCE,q0.80,0.8,q80,0.6440595307700921,28,0.8333655063005331,0.833365506300533,1.1102230246251565e-16,log_cms_plus1
20211221,12/21/2021,exAL-U-T1,exdqlm_univar,exdqlm_univar_synth,multimodel_20211221_v8_he2pubgdpc1r1_exdqlm_univar,SOURCE_RUNTIME_REFERENCE,q0.95,0.95,q95,0.673375855672456,28,0.8333655063005331,0.833365506300533,1.1102230246251565e-16,log_cms_plus1
20220511,05/11/2022,AL-M-T1,dqlm_multivar_al_keep,dqlm_multivar_al_synth_keep,multimodel_20220511_v8_he2tbl1fix20260612_dqlm_multivar_al_keep,SOURCE_RUNTIME_REFERENCE,q0.05,0.05,q05,0.010945023895995483,28,0.0546749465068908,0.0546749465068908,0.0,log_cms_plus1
20220511,05/11/2022,AL-M-T1,dqlm_multivar_al_keep,dqlm_multivar_al_synth_keep,multimodel_20220511_v8_he2tbl1fix20260612_dqlm_multivar_al_keep,SOURCE_RUNTIME_REFERENCE,q0.20,0.2,q20,0.03551931893600663,28,0.0546749465068908,0.0546749465068908,0.0,log_cms_plus1
20220511,05/11/2022,AL-M-T1,dqlm_multivar_al_keep,dqlm_multivar_al_synth_keep,multimodel_20220511_v8_he2tbl1fix20260612_dqlm_multivar_al_keep,SOURCE_RUNTIME_REFERENCE,q0.35,0.35,q35,0.03957079067798875,28,0.0546749465068908,0.0546749465068908,0.0,log_cms_plus1
20220511,05/11/2022,AL-M-T1,dqlm_multivar_al_keep,dqlm_multivar_al_synth_keep,multimodel_20220511_v8_he2tbl1fix20260612_dqlm_multivar_al_keep,SOURCE_RUNTIME_REFERENCE,q0.50,0.5,q50,0.03432548975695921,28,0.0546749465068908,0.0546749465068908,0.0,log_cms_plus1
20220511,05/11/2022,AL-M-T1,dqlm_multivar_al_keep,dqlm_multivar_al_synth_keep,multimodel_20220511_v8_he2tbl1fix20260612_dqlm_multivar_al_keep,SOURCE_RUNTIME_REFERENCE,q0.65,0.65,q65,0.021347294046338217,28,0.0546749465068908,0.0546749465068908,0.0,log_cms_plus1
20220511,05/11/2022,AL-M-T1,dqlm_multivar_al_keep,dqlm_multivar_al_synth_keep,multimodel_20220511_v8_he2tbl1fix20260612_dqlm_multivar_al_keep,SOURCE_RUNTIME_REFERENCE,q0.80,0.8,q80,0.027303222782869067,28,0.0546749465068908,0.0546749465068908,0.0,log_cms_plus1
20220511,05/11/2022,AL-M-T1,dqlm_multivar_al_keep,dqlm_multivar_al_synth_keep,multimodel_20220511_v8_he2tbl1fix20260612_dqlm_multivar_al_keep,SOURCE_RUNTIME_REFERENCE,q0.95,0.95,q95,0.016613665524059202,28,0.0546749465068908,0.0546749465068908,0.0,log_cms_plus1
20220511,05/11/2022,AL-U-T1,dqlm_univar_al,dqlm_univar_al_synth,multimodel_20220511_v8_he2pubgdpc1r1_dqlm_univar_al,SOURCE_RUNTIME_REFERENCE,q0.05,0.05,q05,0.031857484620263575,28,0.1050582499935664,0.1050582499935664,0.0,log_cms_plus1
20220511,05/11/2022,AL-U-T1,dqlm_univar_al,dqlm_univar_al_synth,multimodel_20220511_v8_he2pubgdpc1r1_dqlm_univar_al,SOURCE_RUNTIME_REFERENCE,q0.20,0.2,q20,0.03618543984780643,28,0.1050582499935664,0.1050582499935664,0.0,log_cms_plus1
20220511,05/11/2022,AL-U-T1,dqlm_univar_al,dqlm_univar_al_synth,multimodel_20220511_v8_he2pubgdpc1r1_dqlm_univar_al,SOURCE_RUNTIME_REFERENCE,q0.35,0.35,q35,0.09686183101881463,28,0.1050582499935664,0.1050582499935664,0.0,log_cms_plus1
20220511,05/11/2022,AL-U-T1,dqlm_univar_al,dqlm_univar_al_synth,multimodel_20220511_v8_he2pubgdpc1r1_dqlm_univar_al,SOURCE_RUNTIME_REFERENCE,q0.50,0.5,q50,0.08487141960610249,28,0.1050582499935664,0.1050582499935664,0.0,log_cms_plus1
20220511,05/11/2022,AL-U-T1,dqlm_univar_al,dqlm_univar_al_synth,multimodel_20220511_v8_he2pubgdpc1r1_dqlm_univar_al,SOURCE_RUNTIME_REFERENCE,q0.65,0.65,q65,0.0606843612087809,28,0.1050582499935664,0.1050582499935664,0.0,log_cms_plus1
20220511,05/11/2022,AL-U-T1,dqlm_univar_al,dqlm_univar_al_synth,multimodel_20220511_v8_he2pubgdpc1r1_dqlm_univar_al,SOURCE_RUNTIME_REFERENCE,q0.80,0.8,q80,0.036748027645624466,28,0.1050582499935664,0.1050582499935664,0.0,log_cms_plus1
20220511,05/11/2022,AL-U-T1,dqlm_univar_al,dqlm_univar_al_synth,multimodel_20220511_v8_he2pubgdpc1r1_dqlm_univar_al,SOURCE_RUNTIME_REFERENCE,q0.95,0.95,q95,0.013633477954646775,28,0.1050582499935664,0.1050582499935664,0.0,log_cms_plus1
20220511,05/11/2022,exAL-M-T1,exdqlm_multivar_keep,exdqlm_multivar_synth_keep,multimodel_20220511_v8_he2partial20260623_exdqlm_multivar_keep,SOURCE_RUNTIME_REFERENCE,q0.05,0.05,q05,0.007543988247149574,28,0.0227281783203013,0.0227281783203013,0.0,log_cms_plus1
20220511,05/11/2022,exAL-M-T1,exdqlm_multivar_keep,exdqlm_multivar_synth_keep,multimodel_20220511_v8_he2partial20260623_exdqlm_multivar_keep,SOURCE_RUNTIME_REFERENCE,q0.20,0.2,q20,0.00818326577227787,28,0.0227281783203013,0.0227281783203013,0.0,log_cms_plus1
20220511,05/11/2022,exAL-M-T1,exdqlm_multivar_keep,exdqlm_multivar_synth_keep,multimodel_20220511_v8_he2partial20260623_exdqlm_multivar_keep,SOURCE_RUNTIME_REFERENCE,q0.35,0.35,q35,0.007836149881365679,28,0.0227281783203013,0.0227281783203013,0.0,log_cms_plus1
20220511,05/11/2022,exAL-M-T1,exdqlm_multivar_keep,exdqlm_multivar_synth_keep,multimodel_20220511_v8_he2partial20260623_exdqlm_multivar_keep,SOURCE_RUNTIME_REFERENCE,q0.50,0.5,q50,0.01525639167902312,28,0.0227281783203013,0.0227281783203013,0.0,log_cms_plus1
20220511,05/11/2022,exAL-M-T1,exdqlm_multivar_keep,exdqlm_multivar_synth_keep,multimodel_20220511_v8_he2partial20260623_exdqlm_multivar_keep,SOURCE_RUNTIME_REFERENCE,q0.65,0.65,q65,0.01387269095598212,28,0.0227281783203013,0.0227281783203013,0.0,log_cms_plus1
20220511,05/11/2022,exAL-M-T1,exdqlm_multivar_keep,exdqlm_multivar_synth_keep,multimodel_20220511_v8_he2partial20260623_exdqlm_multivar_keep,SOURCE_RUNTIME_REFERENCE,q0.80,0.8,q80,0.013993302290289443,28,0.0227281783203013,0.0227281783203013,0.0,log_cms_plus1
20220511,05/11/2022,exAL-M-T1,exdqlm_multivar_keep,exdqlm_multivar_synth_keep,multimodel_20220511_v8_he2partial20260623_exdqlm_multivar_keep,SOURCE_RUNTIME_REFERENCE,q0.95,0.95,q95,0.00904458355988896,28,0.0227281783203013,0.0227281783203013,0.0,log_cms_plus1
20220511,05/11/2022,exAL-U-T1,exdqlm_univar,exdqlm_univar_synth,multimodel_20220511_v8_he2pubgdpc1r1_exdqlm_univar,SOURCE_RUNTIME_REFERENCE,q0.05,0.05,q05,0.018522701705206403,28,0.124521763852018,0.124521763852018,0.0,log_cms_plus1
20220511,05/11/2022,exAL-U-T1,exdqlm_univar,exdqlm_univar_synth,multimodel_20220511_v8_he2pubgdpc1r1_exdqlm_univar,SOURCE_RUNTIME_REFERENCE,q0.20,0.2,q20,0.042887977491261976,28,0.124521763852018,0.124521763852018,0.0,log_cms_plus1
20220511,05/11/2022,exAL-U-T1,exdqlm_univar,exdqlm_univar_synth,multimodel_20220511_v8_he2pubgdpc1r1_exdqlm_univar,SOURCE_RUNTIME_REFERENCE,q0.35,0.35,q35,0.1085170773192952,28,0.124521763852018,0.124521763852018,0.0,log_cms_plus1
20220511,05/11/2022,exAL-U-T1,exdqlm_univar,exdqlm_univar_synth,multimodel_20220511_v8_he2pubgdpc1r1_exdqlm_univar,SOURCE_RUNTIME_REFERENCE,q0.50,0.5,q50,0.1090226106725007,28,0.124521763852018,0.124521763852018,0.0,log_cms_plus1
20220511,05/11/2022,exAL-U-T1,exdqlm_univar,exdqlm_univar_synth,multimodel_20220511_v8_he2pubgdpc1r1_exdqlm_univar,SOURCE_RUNTIME_REFERENCE,q0.65,0.65,q65,0.07884507212513622,28,0.124521763852018,0.124521763852018,0.0,log_cms_plus1
20220511,05/11/2022,exAL-U-T1,exdqlm_univar,exdqlm_univar_synth,multimodel_20220511_v8_he2pubgdpc1r1_exdqlm_univar,SOURCE_RUNTIME_REFERENCE,q0.80,0.8,q80,0.048029109833112295,28,0.124521763852018,0.124521763852018,0.0,log_cms_plus1
20220511,05/11/2022,exAL-U-T1,exdqlm_univar,exdqlm_univar_synth,multimodel_20220511_v8_he2pubgdpc1r1_exdqlm_univar,SOURCE_RUNTIME_REFERENCE,q0.95,0.95,q95,0.015014675946413559,28,0.124521763852018,0.124521763852018,0.0,log_cms_plus1
20221225,12/25/2022,AL-M-T1,dqlm_multivar_al_keep,dqlm_multivar_al_synth_keep,multimodel_20221225_v8_he2grid_c05_eps030_dqlm_multivar_al_keep,SOURCE_RUNTIME_REFERENCE,q0.05,0.05,q05,0.1068470345877658,28,0.6276416774750632,0.627641677475063,1.1102230246251565e-16,log_cms_plus1
20221225,12/25/2022,AL-M-T1,dqlm_multivar_al_keep,dqlm_multivar_al_synth_keep,multimodel_20221225_v8_he2grid_c05_eps030_dqlm_multivar_al_keep,SOURCE_RUNTIME_REFERENCE,q0.20,0.2,q20,0.33825994172456914,28,0.6276416774750632,0.627641677475063,1.1102230246251565e-16,log_cms_plus1
20221225,12/25/2022,AL-M-T1,dqlm_multivar_al_keep,dqlm_multivar_al_synth_keep,multimodel_20221225_v8_he2grid_c05_eps030_dqlm_multivar_al_keep,SOURCE_RUNTIME_REFERENCE,q0.35,0.35,q35,0.49366812587263154,28,0.6276416774750632,0.627641677475063,1.1102230246251565e-16,log_cms_plus1
20221225,12/25/2022,AL-M-T1,dqlm_multivar_al_keep,dqlm_multivar_al_synth_keep,multimodel_20221225_v8_he2grid_c05_eps030_dqlm_multivar_al_keep,SOURCE_RUNTIME_REFERENCE,q0.50,0.5,q50,0.5580072100374319,28,0.6276416774750632,0.627641677475063,1.1102230246251565e-16,log_cms_plus1
20221225,12/25/2022,AL-M-T1,dqlm_multivar_al_keep,dqlm_multivar_al_synth_keep,multimodel_20221225_v8_he2grid_c05_eps030_dqlm_multivar_al_keep,SOURCE_RUNTIME_REFERENCE,q0.65,0.65,q65,0.2843907466851256,28,0.6276416774750632,0.627641677475063,1.1102230246251565e-16,log_cms_plus1
20221225,12/25/2022,AL-M-T1,dqlm_multivar_al_keep,dqlm_multivar_al_synth_keep,multimodel_20221225_v8_he2grid_c05_eps030_dqlm_multivar_al_keep,SOURCE_RUNTIME_REFERENCE,q0.80,0.8,q80,0.22048758824425888,28,0.6276416774750632,0.627641677475063,1.1102230246251565e-16,log_cms_plus1
20221225,12/25/2022,AL-M-T1,dqlm_multivar_al_keep,dqlm_multivar_al_synth_keep,multimodel_20221225_v8_he2grid_c05_eps030_dqlm_multivar_al_keep,SOURCE_RUNTIME_REFERENCE,q0.95,0.95,q95,0.13794726916616482,28,0.6276416774750632,0.627641677475063,1.1102230246251565e-16,log_cms_plus1
20221225,12/25/2022,AL-U-T1,dqlm_univar_al,dqlm_univar_al_synth,multimodel_20221225_v8_he2pubgdpc1r1_dqlm_univar_al,SOURCE_RUNTIME_REFERENCE,q0.05,0.05,q05,0.1201240230933172,28,1.733756863696973,1.733756863696973,0.0,log_cms_plus1
20221225,12/25/2022,AL-U-T1,dqlm_univar_al,dqlm_univar_al_synth,multimodel_20221225_v8_he2pubgdpc1r1_dqlm_univar_al,SOURCE_RUNTIME_REFERENCE,q0.20,0.2,q20,0.43474635796218797,28,1.733756863696973,1.733756863696973,0.0,log_cms_plus1
20221225,12/25/2022,AL-U-T1,dqlm_univar_al,dqlm_univar_al_synth,multimodel_20221225_v8_he2pubgdpc1r1_dqlm_univar_al,SOURCE_RUNTIME_REFERENCE,q0.35,0.35,q35,0.6459403197887295,28,1.733756863696973,1.733756863696973,0.0,log_cms_plus1
20221225,12/25/2022,AL-U-T1,dqlm_univar_al,dqlm_univar_al_synth,multimodel_20221225_v8_he2pubgdpc1r1_dqlm_univar_al,SOURCE_RUNTIME_REFERENCE,q0.50,0.5,q50,0.8833993725679896,28,1.733756863696973,1.733756863696973,0.0,log_cms_plus1
20221225,12/25/2022,AL-U-T1,dqlm_univar_al,dqlm_univar_al_synth,multimodel_20221225_v8_he2pubgdpc1r1_dqlm_univar_al,SOURCE_RUNTIME_REFERENCE,q0.65,0.65,q65,1.13231690023412,28,1.733756863696973,1.733756863696973,0.0,log_cms_plus1
20221225,12/25/2022,AL-U-T1,dqlm_univar_al,dqlm_univar_al_synth,multimodel_20221225_v8_he2pubgdpc1r1_dqlm_univar_al,SOURCE_RUNTIME_REFERENCE,q0.80,0.8,q80,1.35814779405497,28,1.733756863696973,1.733756863696973,0.0,log_cms_plus1
20221225,12/25/2022,AL-U-T1,dqlm_univar_al,dqlm_univar_al_synth,multimodel_20221225_v8_he2pubgdpc1r1_dqlm_univar_al,SOURCE_RUNTIME_REFERENCE,q0.95,0.95,q95,1.4690947104514493,28,1.733756863696973,1.733756863696973,0.0,log_cms_plus1
20221225,12/25/2022,exAL-M-T1,exdqlm_multivar_keep,exdqlm_multivar_synth_keep,multimodel_20221225_v8_he2partial20260623_exdqlm_multivar_keep,SOURCE_RUNTIME_REFERENCE,q0.05,0.05,q05,0.08853299818285662,28,0.5380554847458453,0.5380554847458453,0.0,log_cms_plus1
20221225,12/25/2022,exAL-M-T1,exdqlm_multivar_keep,exdqlm_multivar_synth_keep,multimodel_20221225_v8_he2partial20260623_exdqlm_multivar_keep,SOURCE_RUNTIME_REFERENCE,q0.20,0.2,q20,0.2128911225341757,28,0.5380554847458453,0.5380554847458453,0.0,log_cms_plus1
20221225,12/25/2022,exAL-M-T1,exdqlm_multivar_keep,exdqlm_multivar_synth_keep,multimodel_20221225_v8_he2partial20260623_exdqlm_multivar_keep,SOURCE_RUNTIME_REFERENCE,q0.35,0.35,q35,0.3092154223803978,28,0.5380554847458453,0.5380554847458453,0.0,log_cms_plus1
20221225,12/25/2022,exAL-M-T1,exdqlm_multivar_keep,exdqlm_multivar_synth_keep,multimodel_20221225_v8_he2partial20260623_exdqlm_multivar_keep,SOURCE_RUNTIME_REFERENCE,q0.50,0.5,q50,0.41184467122907925,28,0.5380554847458453,0.5380554847458453,0.0,log_cms_plus1
20221225,12/25/2022,exAL-M-T1,exdqlm_multivar_keep,exdqlm_multivar_synth_keep,multimodel_20221225_v8_he2partial20260623_exdqlm_multivar_keep,SOURCE_RUNTIME_REFERENCE,q0.65,0.65,q65,0.41425983968169644,28,0.5380554847458453,0.5380554847458453,0.0,log_cms_plus1
20221225,12/25/2022,exAL-M-T1,exdqlm_multivar_keep,exdqlm_multivar_synth_keep,multimodel_20221225_v8_he2partial20260623_exdqlm_multivar_keep,SOURCE_RUNTIME_REFERENCE,q0.80,0.8,q80,0.2574588314257537,28,0.5380554847458453,0.5380554847458453,0.0,log_cms_plus1
20221225,12/25/2022,exAL-M-T1,exdqlm_multivar_keep,exdqlm_multivar_synth_keep,multimodel_20221225_v8_he2partial20260623_exdqlm_multivar_keep,SOURCE_RUNTIME_REFERENCE,q0.95,0.95,q95,0.14368903036063463,28,0.5380554847458453,0.5380554847458453,0.0,log_cms_plus1
20221225,12/25/2022,exAL-U-T1,exdqlm_univar,exdqlm_univar_synth,multimodel_20221225_v8_he2pubgdpc1r1_exdqlm_univar,SOURCE_RUNTIME_REFERENCE,q0.05,0.05,q05,0.12106396438654583,28,1.7054787321666038,1.7054787321666038,0.0,log_cms_plus1
20221225,12/25/2022,exAL-U-T1,exdqlm_univar,exdqlm_univar_synth,multimodel_20221225_v8_he2pubgdpc1r1_exdqlm_univar,SOURCE_RUNTIME_REFERENCE,q0.20,0.2,q20,0.41104058447573427,28,1.7054787321666038,1.7054787321666038,0.0,log_cms_plus1
20221225,12/25/2022,exAL-U-T1,exdqlm_univar,exdqlm_univar_synth,multimodel_20221225_v8_he2pubgdpc1r1_exdqlm_univar,SOURCE_RUNTIME_REFERENCE,q0.35,0.35,q35,0.6385839045699095,28,1.7054787321666038,1.7054787321666038,0.0,log_cms_plus1
20221225,12/25/2022,exAL-U-T1,exdqlm_univar,exdqlm_univar_synth,multimodel_20221225_v8_he2pubgdpc1r1_exdqlm_univar,SOURCE_RUNTIME_REFERENCE,q0.50,0.5,q50,0.8642261495928841,28,1.7054787321666038,1.7054787321666038,0.0,log_cms_plus1
20221225,12/25/2022,exAL-U-T1,exdqlm_univar,exdqlm_univar_synth,multimodel_20221225_v8_he2pubgdpc1r1_exdqlm_univar,SOURCE_RUNTIME_REFERENCE,q0.65,0.65,q65,1.1084530204839917,28,1.7054787321666038,1.7054787321666038,0.0,log_cms_plus1
20221225,12/25/2022,exAL-U-T1,exdqlm_univar,exdqlm_univar_synth,multimodel_20221225_v8_he2pubgdpc1r1_exdqlm_univar,SOURCE_RUNTIME_REFERENCE,q0.80,0.8,q80,1.333421356221304,28,1.7054787321666038,1.7054787321666038,0.0,log_cms_plus1
20221225,12/25/2022,exAL-U-T1,exdqlm_univar,exdqlm_univar_synth,multimodel_20221225_v8_he2pubgdpc1r1_exdqlm_univar,SOURCE_RUNTIME_REFERENCE,q0.95,0.95,q95,1.478934620140867,28,1.7054787321666038,1.7054787321666038,0.0,log_cms_plus1
